{"cameraMode":{"drawMode":0,"name":"Shaded","section":"Shading Mode"},"sceneLighting":true,"audioPlay":false,"sceneViewState":{"m_AlwaysRefresh":false,"showFog":true,"showSkybox":true,"showFlares":true,"showImageEffects":true,"showParticleSystems":true,"showVisualEffectGraphs":true,"m_FxEnabled":true},"in2DMode":false,"pivot":{"x":-4.115355014801025,"y":8.922067642211914,"z":5.404358863830566},"rotation":{"x":0.3148765563964844,"y":0.01992991752922535,"z":-0.0066142454743385319,"w":0.9489047527313232},"size":3.6843719482421877,"orthographic":false}